Timestamp,Ord,Atraso,Total Pago,Nome,CNPJ, Unidade, Produto
2016-05-02 18:05:34,25,5,R$49000, Luana Cristina Dinelly Lopes,12345678910
2016-05-02 18:09:13,00,2,R$39000,Jorge Marcos Vinicius Erick Novaes,12345678910
2016-05-02 18:15:04,25,5,R$34000,Jorge Marcos Vinicius Erick Novaes,12345678910
2016-05-02 18:18:28,18,1,R$54000,Jorge Marcos Vinicius Erick Novaes,12345678910
2016-05-02 18:19:46,25,5,R$40000,Jorge Marcos Vinicius Erick Novaes,12345678910
2016-05-02 18:21:32,18,1,R$20000,Jorge Marcos Vinicius Erick Novaes,12345678910
2016-05-02 18:24:26,18,1,R$12000,Jorge Marcos Vinicius Erick Novaes,12345678910
2016-05-02 18:25:29,8,3,R$78000,Jorge Marcos Vinicius Erick Novaes,12345678910
2016-05-02 18:26:56,18,1,R$30000,Jorge Marcos Vinicius Erick Novaes,12345678910
2016-05-02 18:27:52,00,2,R$30000,Jorge Marcos Vinicius Erick Novaes,12345678910
2016-05-02 18:29:00,25,5,R$64895,Jorge Marcos Vinicius Erick Novaes,12345678910
2016-05-02 18:30:14,00,2,R$12000,Jorge Marcos Vinicius Erick Novaes,12345678910
2016-05-02 18:31:03,25,5,R$34000,Jorge Marcos Vinicius Erick Novaes,12345678910
2016-05-02 18:33:00,00,2,R$20000,Jorge Marcos Vinicius Erick Novaes,12345678910
2016-05-02 18:35:55,00,2,R$54000,Jorge Marcos Vinicius Erick Novaes,12345678910
2016-05-02 18:45:42,49,2,R$30000,Jorge Marcos Vinicius Erick Novaes,12345678910
2016-05-02 18:46:24,00,2,R$40000,Jorge Marcos Vinicius Erick Novaes,12345678910
2016-05-02 18:46:35,18,1,R$39000,Jorge Marcos Vinicius Erick Novaes,12345678910
2016-05-02 18:54:36,49,2,R$40000,Jorge Marcos Vinicius Erick Novaes,12345678910
2016-05-02 18:55:31,00,2,R$30000,Jorge Marcos Vinicius Erick Novaes,12345678910
2016-05-02 19:04:50,49,2,R$54000,Jorge Marcos Vinicius Erick Novaes,12345678910
2016-05-02 19:07:41,49,2,R$20000,Jorge Marcos Vinicius Erick Novaes,12345678910
2016-05-02 19:10:24,49,2,R$12000,Jorge Marcos Vinicius Erick Novaes,12345678910
2016-05-02 19:12:44,49,2,R$30000,Jorge Marcos Vinicius Erick Novaes,12345678910
2016-05-02 19:14:27,10,1,R$20980,Jorge Marcos Vinicius Erick Novaes,12345678910
2016-05-02 19:17:28,18,1,R$40000,Jorge Marcos Vinicius Erick Novaes,12345678910
2016-05-02 19:29:05,25,5,R$34000,Jorge Marcos Vinicius Erick Novaes,12345678910
2016-05-02 19:30:33,10,1,R$80000,Jorge Marcos Vinicius Erick Novaes,12345678910
2016-05-02 19:30:40,18,1,R$90000,Jorge Marcos Vinicius Erick Novaes,12345678910
2016-05-02 19:31:00,49,2,R$39000,Jorge Marcos Vinicius Erick Novaes,12345678910
2016-05-02 19:31:02,25,5,R$64895,Jorge Marcos Vinicius Erick Novaes,12345678910
2016-05-02 19:38:05,18,1,R$80000,Jorge Marcos Vinicius Erick Novaes,12345678910
2016-05-02 19:40:15,25,5,R$40000,Otávio Martin Vieira,12345678910
2016-05-02 19:43:58,10,1,R$39000,Otávio Martin Vieira,12345678910
2016-05-02 19:51:23,25,5,R$19876,Otávio Martin Vieira,12345678910
2016-05-02 19:51:52,18,1,R$60000,Otávio Martin Vieira,12345678910
2016-05-02 19:53:08,25,5,R$23876,Otávio Martin Vieira,12345678910
2016-05-02 20:29:53,22,1,R$60000,Otávio Martin Vieira,12345678910
2016-05-02 20:44:53,22,1,R$80000,Otávio Martin Vieira,12345678910
2016-05-02 20:54:44,17,2,R$60000,Otávio Martin Vieira,12345678910
2016-05-02 21:02:01,22,1,R$39000,Otávio Martin Vieira,12345678910
2016-05-02 21:08:42,17,2,R$80000,Otávio Martin Vieira,12345678910
2016-05-02 21:16:17,17,2,R$90000,Otávio Martin Vieira,12345678910
2016-05-02 21:29:47,17,2,R$40000,Otávio Martin Vieira,12345678910
2016-05-02 21:48:32,74,4,R$78000,Otávio Martin Vieira,12345678910
2016-05-02 22:04:06,33,2,R$34895,Otávio Martin Vieira,12345678910
2016-05-02 22:05:49,74,4,R$30000,Otávio Martin Vieira,12345678910
2016-05-02 22:15:17,33,2,R$80000,Otávio Martin Vieira,12345678910
2016-05-02 22:23:26,33,2,R$90000,Otávio Martin Vieira,12345678910
2016-05-02 22:33:15,08,1,R$40000,Otávio Martin Vieira,12345678910
2016-05-02 22:34:43,08,1,R$30000,Otávio Martin Vieira,12345678910
2016-05-02 22:36:21,33,2,R$30000,Otávio Martin Vieira,12345678910
2016-05-02 22:37:17,08,1,R$12000,Otávio Martin Vieira,12345678910
2016-05-02 22:39:22,33,2,R$12000,Otávio Martin Vieira,12345678910
2016-05-02 22:40:16,08,1,R$20000,Otávio Martin Vieira,12345678910
2016-05-02 22:42:53,33,2,R$20000,Otávio Martin Vieira,12345678910
2016-05-02 22:43:25,08,1,R$54000,Otávio Martin Vieira,12345678910
2016-05-02 22:46:35,33,2,R$54000,Otávio Martin Vieira,12345678910
2016-05-02 23:03:01,08,1,R$78000,Otávio Martin Vieira,12345678910
2016-05-02 23:07:08,13,3,R$39000,Otávio Martin Vieira,12345678910
2016-05-02 23:09:41,33,2,R$78000,Otávio Martin Vieira,12345678910
2016-05-02 23:31:06,13,3,R$40000,Otávio Martin Vieira,12345678910
2016-05-02 23:35:58,27,3,R$40000,Otávio Martin Vieira,12345678910
2016-05-02 23:37:29,27,3,R$30000,Otávio Martin Vieira,12345678910
2016-05-02 23:40:11,27,3,R$12000,Otávio Martin Vieira,12345678910
2016-05-02 23:43:18,27,3,R$20000,Otávio Martin Vieira,12345678910
2016-05-02 23:46:35,27,3,R$54000,Otávio Martin Vieira,12345678910
2016-05-02 23:58:24,27,3,R$40000,Otávio Martin Vieira,12345678910
2016-05-03 00:01:53,52,1,R$60000,Otávio Martin Vieira,12345678910
2016-05-03 00:08:41,27,3,R$30000,Otávio Martin Vieira,12345678910
2016-05-03 00:16:09,52,1,R$80000,Otávio Martin Vieira,12345678910
2016-05-03 00:18:16,61,5,R$60000,Otávio Martin Vieira,12345678910
2016-05-03 00:29:25,90,1,R$39000,Otávio Martin Vieira,12345678910
2016-05-03 00:31:22,61,5,R$80000,Otávio Martin Vieira,12345678910
2016-05-03 00:32:28,52,1,R$39000,Otávio Martin Vieira,12345678910
2016-05-03 00:38:29,61,5,R$90000,Sônia Eduarda Drumond,12345678910
2016-05-03 00:47:37,90,1,R$30000,Sônia Eduarda Drumond,12345678910
2016-05-03 00:49:48,61,5,R$30000,Sônia Eduarda Drumond,12345678910
2016-05-03 00:49:56,90,1,R$12000,Sônia Eduarda Drumond,12345678910
2016-05-03 00:52:28,61,5,R$12000,Sônia Eduarda Drumond,12345678910
2016-05-03 00:52:38,90,1,R$20000,Sônia Eduarda Drumond,12345678910
2016-05-03 00:55:28,90,1,R$54000,Sônia Eduarda Drumond,12345678910
2016-05-03 00:55:32,61,5,R$20000,Sônia Eduarda Drumond,12345678910
2016-05-03 00:58:47,61,5,R$54000,Sônia Eduarda Drumond,12345678910
2016-05-03 01:05:39,90,1,R$40000,Sônia Eduarda Drumond,12345678910
2016-05-03 01:14:31,90,1,R$30000,Sônia Eduarda Drumond,12345678910
2016-05-03 01:18:02,,4,R$40000,Sônia Eduarda Drumond,12345678910
2016-05-03 01:18:59,61,5,R$78000,Sônia Eduarda Drumond,12345678910
2016-05-03 01:29:41,,4,R$90000,Sônia Eduarda Drumond,12345678910
2016-05-03 01:36:14,,4,R$80000,Sônia Eduarda Drumond,12345678910
2016-05-03 01:47:14,26,1,R$39000,Sônia Eduarda Drumond,12345678910
2016-05-03 01:48:21,,4,R$60000,Sônia Eduarda Drumond,12345678910
2016-05-03 02:04:12,26,1,R$80000,Sônia Eduarda Drumond,12345678910
2016-05-03 02:19:09,26,1,R$60000,Sônia Eduarda Drumond,12345678910
2016-05-03 02:47:23,70,1,R$40000,Sônia Eduarda Drumond,12345678910
2016-05-03 02:58:38,70,1,R$90000,Sônia Eduarda Drumond,12345678910
2016-05-03 03:03:30,8,4,R$40000,Sônia Eduarda Drumond,12345678910
2016-05-03 03:04:58,70,1,R$80000,Sônia Eduarda Drumond,12345678910
2016-05-03 03:15:48,8,4,R$90000,Sônia Eduarda Drumond,12345678910
2016-05-03 03:16:41,70,1,R$60000,Sônia Eduarda Drumond,12345678910
2016-05-03 03:22:43,8,4,R$80000,Sônia Eduarda Drumond,12345678910
2016-05-03 03:22:49,87,1,R$39000,Sônia Eduarda Drumond,12345678910
2016-05-03 03:35:32,8,4,R$60000,Sônia Eduarda Drumond,12345678910
2016-05-03 03:44:25,64,2,R$39000,Sônia Eduarda Drumond,12345678910
2016-05-03 03:44:43,87,1,R$30000,Sônia Eduarda Drumond,12345678910
2016-05-03 03:47:30,87,1,R$12000,Sônia Eduarda Drumond,12345678910
2016-05-03 03:50:05,70,4,R$39000,Sônia Eduarda Drumond,12345678910
2016-05-03 03:50:45,87,1,R$20000,Sônia Eduarda Drumond,12345678910
2016-05-03 03:52:08,70,4,R$20000,Sônia Eduarda Drumond,12345678910
2016-05-03 03:53:18,70,4,R$10000,Sônia Eduarda Drumond,12345678910
2016-05-03 03:54:10,87,1,R$54000,Sônia Eduarda Drumond,12345678910
2016-05-03 03:54:21,70,4,R$70000,Sônia Eduarda Drumond,12345678910
2016-05-03 03:59:43,70,4,R$40000,Sônia Eduarda Drumond,12345678910
2016-05-03 04:06:27,87,1,R$40000,Sônia Eduarda Drumond,12345678910
2016-05-03 04:07:19,64,2,R$30000,Sônia Eduarda Drumond,12345678910
2016-05-03 04:08:32,70,4,R$64895,Sônia Eduarda Drumond,12345678910
2016-05-03 04:10:14,64,2,R$12000,Sônia Eduarda Drumond,12345678910
2016-05-03 04:10:30,70,4,R$34000,Sônia Eduarda Drumond,12345678910
2016-05-03 04:13:38,64,2,R$20000,Sônia Eduarda Drumond,12345678910
2016-05-03 04:17:09,87,1,R$30000,Sônia Eduarda Drumond,12345678910
2016-05-03 04:17:12,64,2,R$54000,Sônia Eduarda Drumond,12345678910
2016-05-03 04:23:38,70,4,R$34000,Sônia Eduarda Drumond,12345678910
2016-05-03 04:25:30,70,4,R$64895,Sônia Eduarda Drumond,12345678910
2016-05-03 04:34:19,70,4,R$40000,Sônia Eduarda Drumond,12345678910
2016-05-03 04:39:30,64,2,R$78000,Sônia Eduarda Drumond,12345678910
2016-05-03 04:39:41,70,4,R$70000,Sônia Eduarda Drumond,12345678910
2016-05-03 04:40:45,70,4,R$10000,Sônia Eduarda Drumond,12345678910
2016-05-03 04:41:54,70,4,R$20000,Sônia Eduarda Drumond,12345678910
2016-05-03 04:44:00,70,4,R$39000,Sônia Eduarda Drumond,12345678910
2016-05-03 05:15:39,98,5,R$39000,Sônia Eduarda Drumond,12345678910
2016-05-03 05:16:19,0,2,R$78000,Sônia Eduarda Drumond,12345678910
2016-05-03 05:35:18,98,5,R$30000,Sônia Eduarda Drumond,12345678910
2016-05-03 05:36:14,0,2,R$50000,Sônia Eduarda Drumond,12345678910
2016-05-03 05:37:49,98,5,R$12000,Renata Rosângela Novaes,12345678910
2016-05-03 05:40:43,98,5,R$20000,Renata Rosângela Novaes,12345678910
2016-05-03 05:43:48,98,5,R$54000,Renata Rosângela Novaes,12345678910
2016-05-03 05:54:52,98,5,R$40000,Renata Rosângela Novaes,12345678910
2016-05-03 06:00:02,0,2,R$50000,Renata Rosângela Novaes,12345678910
2016-05-03 06:04:28,98,5,R$30000,Renata Rosângela Novaes,12345678910
2016-05-03 06:10:25,0,2,R$40000,Renata Rosângela Novaes,12345678910
2016-05-03 06:11:31,06,1,R$78000,Renata Rosângela Novaes,12345678910
2016-05-03 06:22:08,0,2,R$54000,Renata Rosângela Novaes,12345678910
2016-05-03 06:25:23,0,2,R$20000,Renata Rosângela Novaes,12345678910
2016-05-03 06:28:28,0,2,R$12000,Renata Rosângela Novaes,12345678910
2016-05-03 06:29:52,06,1,R$54000,Renata Rosângela Novaes,12345678910
2016-05-03 06:29:55,70,5,R$23876,Renata Rosângela Novaes,12345678910
2016-05-03 06:31:09,0,2,R$30000,Renata Rosângela Novaes,12345678910
2016-05-03 06:31:26,70,5,R$19876,Renata Rosângela Novaes,12345678910
2016-05-03 06:32:43,0,2,R$40000,Renata Rosângela Novaes,12345678910
2016-05-03 06:32:48,06,1,R$20000,Renata Rosângela Novaes,12345678910
2016-05-03 06:35:36,06,1,R$12000,Renata Rosângela Novaes,12345678910
2016-05-03 06:38:00,06,1,R$30000,Renata Rosângela Novaes,12345678910
2016-05-03 06:41:16,70,5,R$40000,Renata Rosângela Novaes,12345678910
2016-05-03 06:48:15,06,1,R$90000,Renata Rosângela Novaes,12345678910
2016-05-03 06:49:26,70,5,R$64895,Renata Rosângela Novaes,12345678910
2016-05-03 06:51:15,70,5,R$34000,Renata Rosângela Novaes,12345678910
2016-05-03 06:54:43,06,1,R$80000,Renata Rosângela Novaes,12345678910
2016-05-03 06:59:38,17,1,R$40000,Renata Rosângela Novaes,12345678910
2016-05-03 07:01:05,17,1,R$30000,Renata Rosângela Novaes,12345678910
2016-05-03 07:03:38,17,1,R$12000,Renata Rosângela Novaes,12345678910
2016-05-03 07:03:55,06,1,R$20760,Renata Rosângela Novaes,12345678910
2016-05-03 07:06:33,17,1,R$20000,Renata Rosângela Novaes,12345678910
2016-05-03 07:09:39,17,1,R$54000,Renata Rosângela Novaes,12345678910
2016-05-03 07:13:59,78,1,R$30000,Renata Rosângela Novaes,12345678910
2016-05-03 07:16:17,70,5,R$34000,Renata Rosângela Novaes,12345678910
2016-05-03 07:18:00,70,5,R$64895,Renata Rosângela Novaes,12345678910
2016-05-03 07:19:19,51,2,R$60000,Renata Rosângela Novaes,12345678910
2016-05-03 07:20:46,17,1,R$40000,Renata Rosângela Novaes,12345678910
2016-05-03 07:23:18,70,5,R$24000,Renata Rosângela Novaes,12345678910
2016-05-03 07:24:07,78,1,R$40000,Renata Rosângela Novaes,12345678910
2016-05-03 07:24:18,70,5,R$57000,Renata Rosângela Novaes,12345678910
2016-05-03 07:24:46,17,1,R$34000,Renata Rosângela Novaes,12345678910
2016-05-03 07:25:34,51,2,R$20980,Renata Rosângela Novaes,12345678910
2016-05-03 07:32:59,17,1,R$49000,Renata Rosângela Novaes,12345678910
2016-05-03 07:33:07,17,1,R$49000,Renata Rosângela Novaes,12345678910
2016-05-03 07:35:07,70,5,R$23451,Renata Rosângela Novaes,12345678910
2016-05-03 07:35:48,78,1,R$54000,Renata Rosângela Novaes,12345678910
2016-05-03 07:36:52,70,5,R$1000,Renata Rosângela Novaes,12345678910
2016-05-03 07:39:03,78,1,R$20000,Renata Rosângela Novaes,12345678910
2016-05-03 07:41:14,17,1,R$34000,Renata Rosângela Novaes,12345678910
2016-05-03 07:42:08,78,1,R$12000,Renata Rosângela Novaes,12345678910
2016-05-03 07:44:47,78,1,R$30000,Renata Rosângela Novaes,12345678910
2016-05-03 07:47:27,17,1,R$30000,Renata Rosângela Novaes,12345678910
2016-05-03 07:49:54,70,5,R$1000,Renata Rosângela Novaes,12345678910
2016-05-03 07:51:34,70,5,R$23451,Renata Rosângela Novaes,12345678910
2016-05-03 07:57:01,62,1,R$78000,Renata Rosângela Novaes,12345678910
2016-05-03 07:57:16,46,2,R$30000,Renata Rosângela Novaes,12345678910
2016-05-03 07:59:01,70,5,R$70000,Renata Rosângela Novaes,12345678910
2016-05-03 08:00:01,70,5,R$10000,Márcio Marcos Monteiro,12345678910
2016-05-03 08:00:52,3,1,R$34895,Márcio Marcos Monteiro,12345678910
2016-05-03 08:05:41,78,1,R$39000,Márcio Marcos Monteiro,12345678910
2016-05-03 08:07:08,46,2,R$40000,Márcio Marcos Monteiro,12345678910
2016-05-03 08:12:37,3,1,R$20980,Márcio Marcos Monteiro,12345678910
2016-05-03 08:17:31,71,3,R$40000,Márcio Marcos Monteiro,12345678910
2016-05-03 08:18:33,46,2,R$54000,Márcio Marcos Monteiro,12345678910
2016-05-03 08:20:09,62,1,R$54000,Márcio Marcos Monteiro,12345678910
2016-05-03 08:21:44,46,2,R$20000,Márcio Marcos Monteiro,12345678910
2016-05-03 08:23:53,62,1,R$20000,Márcio Marcos Monteiro,12345678910
2016-05-03 08:24:44,46,2,R$12000,Márcio Marcos Monteiro,12345678910
2016-05-03 08:27:19,46,2,R$30000,Márcio Marcos Monteiro,12345678910
2016-05-03 08:27:25,62,1,R$12000,Márcio Marcos Monteiro,12345678910
2016-05-03 08:28:46,71,3,R$90000,Márcio Marcos Monteiro,12345678910
2016-05-03 08:30:28,62,1,R$30000,Márcio Marcos Monteiro,12345678910
2016-05-03 08:35:06,71,3,R$80000,Márcio Marcos Monteiro,12345678910
2016-05-03 08:43:24,62,1,R$90000,Márcio Marcos Monteiro,12345678910
2016-05-03 08:46:50,71,3,R$60000,Márcio Marcos Monteiro,12345678910
2016-05-03 08:47:03,70,5,R$10000,Márcio Marcos Monteiro,12345678910
2016-05-03 08:47:42,46,2,R$39000,Márcio Marcos Monteiro,12345678910
2016-05-03 08:47:57,70,5,R$70000,Márcio Marcos Monteiro,12345678910
2016-05-03 08:51:35,62,1,R$80000,Márcio Marcos Monteiro,12345678910
2016-05-03 08:52:58,70,5,R$19876,Márcio Marcos Monteiro,12345678910
2016-05-03 08:54:33,70,5,R$23876,Márcio Marcos Monteiro,12345678910
2016-05-03 09:02:55,62,1,R$34895,Márcio Marcos Monteiro,12345678910
2016-05-03 09:53:16,8,1,R$39000,Márcio Marcos Monteiro,12345678910
2016-05-03 10:00:24,53,5,R$30000,Márcio Marcos Monteiro,12345678910
2016-05-03 10:03:43,63,5,R$40000,Márcio Marcos Monteiro,12345678910
2016-05-03 10:10:50,71,6,R$40000,Márcio Marcos Monteiro,12345678910
2016-05-03 10:15:53,8,1,R$30000,Márcio Marcos Monteiro,12345678910
2016-05-03 10:18:45,8,1,R$12000,Márcio Marcos Monteiro,12345678910
2016-05-03 10:19:41,53,5,R$78000,Márcio Marcos Monteiro,12345678910
2016-05-03 10:22:07,8,1,R$20000,Márcio Marcos Monteiro,12345678910
2016-05-03 10:22:37,1,1,R$30000,Márcio Marcos Monteiro,12345678910
2016-05-03 10:22:53,71,6,R$90000,Márcio Marcos Monteiro,12345678910
2016-05-03 10:23:22,63,5,R$39000,Márcio Marcos Monteiro,12345678910
2016-05-03 10:25:38,8,1,R$54000,Márcio Marcos Monteiro,12345678910
2016-05-03 10:26:27,37,2,R$40000,Márcio Marcos Monteiro,12345678910
2016-05-03 10:29:38,71,6,R$80000,Márcio Marcos Monteiro,12345678910
2016-05-03 10:31:54,1,1,R$40000,Márcio Marcos Monteiro,12345678910
2016-05-03 10:34:49,45,3,R$60000,Márcio Marcos Monteiro,12345678910
2016-05-03 10:34:59,98,1,R$34895,Márcio Marcos Monteiro,12345678910
2016-05-03 10:38:22,8,1,R$40000,Márcio Marcos Monteiro,12345678910
2016-05-03 10:38:55,37,2,R$90000,Márcio Marcos Monteiro,12345678910
2016-05-03 10:42:09,71,6,R$60000,Márcio Marcos Monteiro,12345678910
2016-05-03 10:42:39,1,1,R$54000,Márcio Marcos Monteiro,12345678910
2016-05-03 10:43:51,98,1,R$80000,Márcio Marcos Monteiro,12345678910
2016-05-03 10:45:38,1,1,R$20000,Márcio Marcos Monteiro,12345678910
2016-05-03 10:45:55,37,2,R$80000,Márcio Marcos Monteiro,12345678910
2016-05-03 10:47:48,45,3,R$80000,Márcio Marcos Monteiro,12345678910
2016-05-03 10:48:27,1,1,R$12000,Márcio Marcos Monteiro,12345678910
2016-05-03 10:49:43,8,1,R$50000,Márcio Marcos Monteiro,12345678910
2016-05-03 10:49:49,8,1,R$50000,Márcio Marcos Monteiro,12345678910
2016-05-03 10:50:18,98,1,R$90000,Márcio Marcos Monteiro,12345678910
2016-05-03 10:50:52,1,1,R$30000,Márcio Marcos Monteiro,12345678910
2016-05-03 10:54:51,45,3,R$90000,Márcio Marcos Monteiro,12345678910
2016-05-03 10:58:54,37,2,R$60000,Márcio Marcos Monteiro,12345678910
2016-05-03 11:00:31,98,1,R$30000,Márcio Marcos Monteiro,12345678910
2016-05-03 11:01:16,1,1,R$90000,Márcio Marcos Monteiro,12345678910
2016-05-03 11:02:54,98,1,R$12000,Márcio Marcos Monteiro,12345678910
2016-05-03 11:05:41,98,1,R$20000,Márcio Marcos Monteiro,12345678910
2016-05-03 11:06:03,45,3,R$30000,Márcio Marcos Monteiro,12345678910
2016-05-03 11:07:49,1,1,R$80000,Márcio Marcos Monteiro,12345678910
2016-05-03 11:08:36,98,1,R$54000,Márcio Marcos Monteiro,12345678910
2016-05-03 11:08:42,45,3,R$12000,Márcio Marcos Monteiro,12345678910
2016-05-03 11:11:19,8,1,R$78000,Márcio Marcos Monteiro,12345678910
2016-05-03 11:11:44,45,3,R$20000,Márcio Marcos Monteiro,12345678910
2016-05-03 11:14:57,45,3,R$54000,Márcio Marcos Monteiro,12345678910
2016-05-03 11:17:09,1,1,R$20760,Márcio Marcos Monteiro,12345678910
2016-05-03 11:19:09,98,1,R$40000,Márcio Marcos Monteiro,12345678910
2016-05-03 11:22:39,79,2,R$49000,Márcio Marcos Monteiro,12345678910
2016-05-03 11:27:28,45,1,R$40000,Márcio Marcos Monteiro,12345678910
2016-05-03 11:28:20,98,1,R$30000,Márcio Marcos Monteiro,12345678910
2016-05-03 11:31:00,79,2,R$34000,Márcio Marcos Monteiro,12345678910
2016-05-03 11:34:50,45,3,R$24000,Márcio Marcos Monteiro,12345678910
2016-05-03 11:35:07,79,2,R$40000,Márcio Marcos Monteiro,12345678910
2016-05-03 11:39:55,80,3,R$34876,Márcio Marcos Monteiro,12345678910
2016-05-03 11:40:20,45,1,R$90000,Márcio Marcos Monteiro,12345678910
2016-05-03 11:46:31,79,2,R$54000,Márcio Marcos Monteiro,12345678910
2016-05-03 11:47:34,45,1,R$80000,Márcio Marcos Monteiro,12345678910
2016-05-03 11:49:42,79,2,R$20000,Márcio Marcos Monteiro,12345678910
2016-05-03 11:52:42,79,2,R$12000,Márcio Marcos Monteiro,12345678910
2016-05-03 11:54:49,80,3,R$80000,Márcio Marcos Monteiro,12345678910
2016-05-03 11:55:17,79,2,R$30000,Márcio Marcos Monteiro,12345678910
2016-05-03 11:57:37,45,1,R$34895,Márcio Marcos Monteiro,12345678910
2016-05-03 12:02:32,80,3,R$90000,Márcio Marcos Monteiro,12345678910
2016-05-03 12:06:20,79,2,R$90000,Márcio Marcos Monteiro,12345678910
2016-05-03 12:13:18,79,2,R$80000,Márcio Marcos Monteiro,12345678910
2016-05-03 12:14:49,80,3,R$30000,Márcio Marcos Monteiro,12345678910
2016-05-03 12:17:40,80,3,R$12000,Márcio Marcos Monteiro,12345678910
2016-05-03 12:21:02,80,3,R$20000,Heitor Julio da Paz,12345678910
2016-05-03 12:24:33,80,3,R$54000,Heitor Julio da Paz,12345678910
2016-05-03 12:26:10,79,2,R$60000,Heitor Julio da Paz,12345678910
2016-05-03 12:37:15,80,3,R$40000,Heitor Julio da Paz,12345678910
2016-05-03 12:48:17,80,3,R$30000,Heitor Julio da Paz,12345678910
2016-05-03 13:05:13,55,1,R$39000,Heitor Julio da Paz,12345678910
2016-05-03 13:24:12,55,1,R$30000,Heitor Julio da Paz,12345678910
2016-05-03 13:24:56,60,1,R$39000,Heitor Julio da Paz,12345678910
2016-05-03 13:26:38,55,1,R$12000,Heitor Julio da Paz,12345678910
2016-05-03 13:29:27,55,1,R$20000,Heitor Julio da Paz,12345678910
2016-05-03 13:32:25,55,1,R$54000,Heitor Julio da Paz,12345678910
2016-05-03 13:32:58,56,1,R$20980,Heitor Julio da Paz,12345678910
2016-05-03 13:38:16,60,1,R$80000,Heitor Julio da Paz,12345678910
2016-05-03 13:43:06,55,1,R$40000,Heitor Julio da Paz,12345678910
2016-05-03 13:49:47,56,1,R$80000,Heitor Julio da Paz,12345678910
2016-05-03 13:52:24,55,1,R$30000,Heitor Julio da Paz,12345678910
2016-05-03 13:54:43,60,1,R$430000,Heitor Julio da Paz,12345678910
2016-05-03 13:56:26,56,1,R$90000,Heitor Julio da Paz,12345678910
2016-05-03 14:00:09,83,1,R$39000,Heitor Julio da Paz,12345678910
2016-05-03 14:08:17,56,1,R$40000,Heitor Julio da Paz,12345678910
2016-05-03 14:13:36,83,1,R$80000,Heitor Julio da Paz,12345678910
2016-05-03 14:22:45,83,1,R$20760,Heitor Julio da Paz,12345678910
2016-05-03 14:47:48,14,1,R$40000,Heitor Julio da Paz,12345678910
2016-05-03 14:49:43,34,3,R$430000,Heitor Julio da Paz,12345678910
2016-05-03 14:59:40,49,3,R$78000,Heitor Julio da Paz,12345678910
2016-05-03 15:00:18,14,1,R$90000,Heitor Julio da Paz,12345678910
2016-05-03 15:03:59,34,3,R$60000,Heitor Julio da Paz,12345678910
2016-05-03 15:07:21,14,1,R$80000,Heitor Julio da Paz,12345678910
2016-05-03 15:17:08,14,1,R$34895,Heitor Julio da Paz,12345678910
2016-05-03 15:17:12,14,1,R$34895,Heitor Julio da Paz,12345678910
2016-05-03 15:17:23,49,3,R$54000,Heitor Julio da Paz,12345678910
2016-05-03 15:20:15,49,3,R$20000,Heitor Julio da Paz,12345678910
2016-05-03 15:22:58,49,3,R$12000,Heitor Julio da Paz,12345678910
2016-05-03 15:25:18,49,3,R$30000,Heitor Julio da Paz,12345678910
2016-05-03 15:26:54,14,1,R$80000,Heitor Julio da Paz,12345678910
2016-05-03 15:35:14,49,3,R$90000,Heitor Julio da Paz,12345678910
2016-05-03 15:41:30,49,3,R$80000,Heitor Julio da Paz,12345678910
2016-05-03 15:41:41,14,1,R$39000,Heitor Julio da Paz,12345678910
2016-05-03 15:53:38,49,3,R$34876,Heitor Julio da Paz,12345678910
2016-05-03 15:53:45,49,3,R$34876,Heitor Julio da Paz,12345678910
2016-05-03 16:05:49,49,3,R$80000,Heitor Julio da Paz,12345678910
2016-05-03 16:12:04,66,2,R$60000,Heitor Julio da Paz,12345678910
2016-05-03 16:12:04,49,3,R$90000,Heitor Julio da Paz,12345678910
2016-05-03 16:22:00,49,3,R$30000,Heitor Julio da Paz,12345678910
2016-05-03 16:24:20,49,3,R$12000,Heitor Julio da Paz,12345678910
2016-05-03 16:26:40,52,5,R$23876,Heitor Julio da Paz,12345678910
2016-05-03 16:26:48,66,2,R$80000,Heitor Julio da Paz,12345678910
2016-05-03 16:27:03,49,3,R$20000,Heitor Julio da Paz,12345678910
2016-05-03 16:28:17,52,5,R$19876,Heitor Julio da Paz,12345678910
2016-05-03 16:29:54,49,3,R$54000,Heitor Julio da Paz,12345678910
2016-05-03 16:34:49,66,2,R$90000,Heitor Julio da Paz,12345678910
2016-05-03 16:35:57,33,1,R$60000,Heitor Julio da Paz,12345678910
2016-05-03 16:38:47,52,5,R$40000,Heitor Julio da Paz,12345678910
2016-05-03 16:40:10,49,3,R$40000,Heitor Julio da Paz,12345678910
2016-05-03 16:45:58,33,1,R$34876,Heitor Julio da Paz,12345678910
2016-05-03 16:46:04,33,1,R$34876,Heitor Julio da Paz,12345678910
2016-05-03 16:47:28,52,5,R$64895,Heitor Julio da Paz,12345678910
2016-05-03 16:47:31,66,2,R$30000,Heitor Julio da Paz,12345678910
2016-05-03 16:49:05,49,3,R$30000,Heitor Julio da Paz,12345678910
2016-05-03 16:49:24,52,5,R$34000,Heitor Julio da Paz,12345678910
2016-05-03 16:50:29,66,2,R$12000,Heitor Julio da Paz,12345678910
2016-05-03 16:53:57,66,2,R$20000,Heitor Julio da Paz,12345678910
2016-05-03 16:56:04,33,1,R$60000,Heitor Julio da Paz,12345678910
2016-05-03 16:57:35,66,2,R$54000,Heitor Julio da Paz,12345678910
2016-05-03 17:10:08,46,2,R$39000,Heitor Julio da Paz,12345678910
2016-05-03 17:10:43,66,2,R$40000,Heitor Julio da Paz,12345678910
2016-05-03 17:22:08,66,2,R$30000,Heitor Julio da Paz,12345678910
2016-05-03 17:29:53,46,2,R$30000,Heitor Julio da Paz,12345678910
2016-05-03 17:30:26,52,5,R$34000,Heitor Julio da Paz,12345678910
2016-05-03 17:32:16,52,5,R$64895,Heitor Julio da Paz,12345678910
2016-05-03 17:32:25,46,2,R$12000,Heitor Julio da Paz,12345678910
2016-05-03 17:35:20,46,2,R$20000,Heitor Julio da Paz,12345678910
2016-05-03 17:38:26,46,2,R$54000,Heitor Julio da Paz,12345678910
2016-05-03 17:40:58,52,5,R$40000,Heitor Julio da Paz,12345678910
2016-05-03 17:46:16,52,5,R$70000,Heitor Julio da Paz,12345678910
2016-05-03 17:47:19,52,5,R$10000,Heitor Julio da Paz,12345678910
2016-05-03 17:57:39,46,2,R$78000,Heitor Julio da Paz,12345678910
2016-05-03 18:00:01,44,5,R$78000,Heitor Julio da Paz,12345678910
2016-05-03 18:10:09,1,2,R$20980,Heitor Julio da Paz,12345678910
2016-05-03 18:18:43,08,1,R$40000,Heitor Julio da Paz,12345678910
2016-05-03 18:19:20,39,3,R$40000,Heitor Julio da Paz,12345678910
2016-05-03 18:19:20,15,1,R$78000,Heitor Julio da Paz,12345678910
2016-05-03 18:19:52,44,5,R$54000,Heitor Julio da Paz,12345678910
2016-05-03 18:20:55,39,3,R$30000,Heitor Julio da Paz,12345678910
2016-05-03 18:23:06,44,5,R$20000,Heitor Julio da Paz,12345678910
2016-05-03 18:23:41,39,3,R$12000,Heitor Julio da Paz,12345678910
2016-05-03 18:26:08,44,5,R$12000,Heitor Julio da Paz,12345678910
2016-05-03 18:26:54,39,3,R$20000,Heitor Julio da Paz,12345678910
2016-05-03 18:27:21,52,5,R$10000,Heitor Julio da Paz,12345678910
2016-05-03 18:27:25,1,2,R$80000,Heitor Julio da Paz,12345678910
2016-05-03 18:28:19,52,5,R$70000,Heitor Julio da Paz,12345678910
2016-05-03 18:28:45,44,5,R$30000,Heitor Julio da Paz,12345678910
2016-05-03 18:30:16,39,3,R$54000,Heitor Julio da Paz,12345678910
2016-05-03 18:30:17,44,5,R$40000,Heitor Julio da Paz,12345678910
2016-05-03 18:30:27,08,1,R$90000,Heitor Julio da Paz,12345678910
2016-05-03 18:33:37,52,5,R$40000,Heitor Julio da Paz,12345678910
2016-05-03 18:34:16,1,2,R$90000,Heitor Julio da Paz,12345678910
2016-05-03 18:37:03,08,1,R$80000,Heitor Julio da Paz,12345678910
2016-05-03 18:42:01,15,1,R$54000,Heitor Julio da Paz,12345678910
2016-05-03 18:42:18,52,5,R$64895,Heitor Julio da Paz,12345678910
2016-05-03 18:44:14,52,5,R$34000,Heitor Julio da Paz,12345678910
2016-05-03 18:45:06,1,2,R$30000,Heitor Julio da Paz,12345678910
2016-05-03 18:45:40,15,1,R$20000,Heitor Julio da Paz,12345678910
2016-05-03 18:47:38,1,2,R$12000,Heitor Julio da Paz,12345678910
2016-05-03 18:49:08,15,1,R$12000,Heitor Julio da Paz,12345678910
2016-05-03 18:49:14,08,1,R$60000,Heitor Julio da Paz,12345678910
2016-05-03 18:50:35,1,2,R$20000,Heitor Julio da Paz,12345678910
2016-05-03 18:51:18,39,3,R$78000,Heitor Julio da Paz,12345678910
2016-05-03 18:52:06,15,1,R$30000,Heitor Julio da Paz,12345678910
2016-05-03 18:53:42,1,2,R$54000,Heitor Julio da Paz,12345678910
2016-05-03 19:08:16,52,5,R$34000,Heitor Julio da Paz,12345678910
2016-05-03 19:10:06,52,5,R$64895,Heitor Julio da Paz,12345678910
2016-05-03 19:13:06,1,2,R$78000,Heitor Julio da Paz,12345678910
2016-05-03 19:15:34,15,1,R$39000,Heitor Julio da Paz,12345678910
2016-05-03 19:24:35,31,4,R$39000,Heitor Julio da Paz,12345678910
2016-05-03 19:26:04,52,5,R$54000,Heitor Julio da Paz,12345678910
2016-05-03 19:27:45,92,3,R$60000,Heitor Julio da Paz,12345678910
2016-05-03 19:29:29,52,5,R$20000,Heitor Julio da Paz,12345678910
2016-05-03 19:32:43,52,5,R$12000,Heitor Julio da Paz,12345678910
2016-05-03 19:35:30,52,5,R$30000,Heitor Julio da Paz,12345678910
2016-05-03 19:36:43,52,5,gate0,Heitor Julio da Paz,12345678910
2016-05-03 19:38:24,52,5,gate1,Heitor Julio da Paz,12345678910
2016-05-03 19:40:09,92,3,R$80000,Heitor Julio da Paz,12345678910
2016-05-03 19:45:53,31,4,R$40000,Heitor Julio da Paz,12345678910
2016-05-03 19:46:21,52,5,R$34876,Heitor Julio da Paz,12345678910
2016-05-03 19:46:54,92,3,R$90000,Heitor Julio da Paz,12345678910
2016-05-03 19:53:23,52,5,R$34876,Heitor Julio da Paz,12345678910
2016-05-03 19:57:35,92,3,R$30000,Heitor Julio da Paz,12345678910
2016-05-03 20:00:06,92,3,R$12000,Heitor Julio da Paz,12345678910
2016-05-03 20:03:00,92,3,R$20000,Heitor Julio da Paz,12345678910
2016-05-03 20:06:04,92,3,R$54000,Heitor Julio da Paz,12345678910
2016-05-03 20:07:49,52,5,R$80000,Heitor Julio da Paz,12345678910
2016-05-03 20:16:28,20,5,R$40000,Heitor Julio da Paz,12345678910
2016-05-03 20:17:08,92,3,R$40000,Heitor Julio da Paz,12345678910
2016-05-03 20:21:40,52,5,R$20000,Heitor Julio da Paz,12345678910
2016-05-03 20:22:49,52,5,R$10000,Heitor Julio da Paz,12345678910
2016-05-03 20:23:51,52,5,R$70000,Heitor Julio da Paz,12345678910
2016-05-03 20:26:43,92,3,R$30000,Heitor Julio da Paz,12345678910
2016-05-03 20:28:18,20,5,R$90000,Heitor Julio da Paz,12345678910
2016-05-03 20:29:12,52,5,R$19876,Heitor Julio da Paz,12345678910
2016-05-03 20:30:52,52,5,R$23876,Heitor Julio da Paz,12345678910
2016-05-03 20:34:56,20,5,R$80000,Heitor Julio da Paz,12345678910
2016-05-03 20:47:14,20,5,R$60000,Heitor Julio da Paz,12345678910
2016-05-03 20:53:31,49,4,R$78000,Heitor Julio da Paz,12345678910
2016-05-03 21:04:27,80,2,R$78000,Heitor Julio da Paz,12345678910
2016-05-03 21:12:48,49,4,R$54000,Heitor Julio da Paz,12345678910
2016-05-03 21:15:55,49,4,R$20000,Heitor Julio da Paz,12345678910
2016-05-03 21:18:51,49,4,R$12000,Heitor Julio da Paz,12345678910
2016-05-03 21:21:23,49,4,R$30000,Heitor Julio da Paz,12345678910
2016-05-03 21:22:53,49,4,R$40000,Heitor Julio da Paz,12345678910
2016-05-03 21:24:56,80,2,R$54000,Heitor Julio da Paz,12345678910
2016-05-03 21:28:14,80,2,R$20000,Heitor Julio da Paz,12345678910
2016-05-03 21:31:21,80,2,R$12000,Heitor Julio da Paz,12345678910
2016-05-03 21:33:26,25,1,R$34895,Heitor Julio da Paz,12345678910
2016-05-03 21:34:04,80,2,R$30000,Heitor Julio da Paz,12345678910
2016-05-03 21:43:08,25,1,R$80000,Heitor Julio da Paz,12345678910
2016-05-03 21:45:33,80,2,R$90000,Heitor Julio da Paz,12345678910
2016-05-03 21:50:10,25,1,R$90000,Heitor Julio da Paz,12345678910
2016-05-03 21:52:47,80,2,R$80000,Heitor Julio da Paz,12345678910
2016-05-03 21:59:04,31,3,R$40000,Heitor Julio da Paz,12345678910
2016-05-03 22:00:38,31,3,R$30000,Heitor Julio da Paz,12345678910
2016-05-03 22:02:45,25,1,R$40000,Sueli Isabella Adriana Brito,12345678910
2016-05-03 22:03:26,31,3,R$12000,Sueli Isabella Adriana Brito,12345678910
2016-05-03 22:06:12,80,2,R$60000,Sueli Isabella Adriana Brito,12345678910
2016-05-03 22:06:41,31,3,R$20000,Sueli Isabella Adriana Brito,12345678910
2016-05-03 22:10:06,31,3,R$54000,Sueli Isabella Adriana Brito,12345678910
2016-05-03 22:31:25,31,3,R$78000,Sueli Isabella Adriana Brito,12345678910
2016-05-03 22:44:56,76,3,R$30000,Sueli Isabella Adriana Brito,12345678910
2016-05-03 22:55:01,76,3,R$40000,Sueli Isabella Adriana Brito,12345678910
2016-05-03 23:06:41,76,3,R$54000,Sueli Isabella Adriana Brito,12345678910
2016-05-03 23:09:56,76,3,R$20000,Sueli Isabella Adriana Brito,12345678910
2016-05-03 23:13:00,76,3,R$12000,Sueli Isabella Adriana Brito,12345678910
2016-05-03 23:15:39,76,3,R$30000,Sueli Isabella Adriana Brito,12345678910
2016-05-03 23:26:59,76,3,R$90000,Sueli Isabella Adriana Brito,12345678910
2016-05-03 23:34:06,76,3,R$80000,Sueli Isabella Adriana Brito,12345678910
2016-05-03 23:39:41,95,1,R$40000,Sueli Isabella Adriana Brito,12345678910
2016-05-03 23:47:16,76,3,R$60000,Sueli Isabella Adriana Brito,12345678910
2016-05-04 00:01:59,95,1,R$39000,Sueli Isabella Adriana Brito,12345678910
2016-05-04 00:23:19,46,2,R$60000,Sueli Isabella Adriana Brito,12345678910
2016-05-04 00:37:16,46,2,R$80000,Sueli Isabella Adriana Brito,12345678910
2016-05-04 00:38:49,11,4,R$60000,Sueli Isabella Adriana Brito,12345678910
2016-05-04 00:44:51,46,2,R$90000,Sueli Isabella Adriana Brito,12345678910
2016-05-04 00:52:04,11,4,R$80000,Sueli Isabella Adriana Brito,12345678910
2016-05-04 00:56:55,46,2,R$30000,Sueli Isabella Adriana Brito,12345678910
2016-05-04 00:57:35,67,1,R$30000,Sueli Isabella Adriana Brito,12345678910
2016-05-04 00:59:14,11,4,R$90000,Sueli Isabella Adriana Brito,12345678910
2016-05-04 00:59:44,46,2,R$12000,Sueli Isabella Adriana Brito,12345678910
2016-05-04 01:03:01,46,2,R$20000,Sueli Isabella Adriana Brito,12345678910
2016-05-04 01:06:28,46,2,R$54000,Sueli Isabella Adriana Brito,12345678910
2016-05-04 01:07:02,67,1,R$40000,Sueli Isabella Adriana Brito,12345678910
2016-05-04 01:10:39,11,4,R$30000,Sueli Isabella Adriana Brito,12345678910
2016-05-04 01:13:20,11,4,R$12000,Sueli Isabella Adriana Brito,12345678910
2016-05-04 01:16:26,11,4,R$20000,Sueli Isabella Adriana Brito,12345678910
2016-05-04 01:18:00,67,1,R$54000,Sueli Isabella Adriana Brito,12345678910
2016-05-04 01:18:55,46,2,R$40000,Sueli Isabella Adriana Brito,12345678910
2016-05-04 01:19:43,11,4,R$54000,Sueli Isabella Adriana Brito,12345678910
2016-05-04 01:21:03,67,1,R$20000,Sueli Isabella Adriana Brito,12345678910
2016-05-04 01:23:56,67,1,R$12000,Sueli Isabella Adriana Brito,12345678910
2016-05-04 01:26:25,67,1,R$30000,Sueli Isabella Adriana Brito,12345678910
2016-05-04 01:29:44,46,2,R$30000,Sueli Isabella Adriana Brito,12345678910
2016-05-04 01:31:28,11,4,R$40000,Sueli Isabella Adriana Brito,12345678910
2016-05-04 01:37:02,67,1,R$90000,Sueli Isabella Adriana Brito,12345678910
2016-05-04 01:41:41,11,4,R$30000,Sueli Isabella Adriana Brito,12345678910
2016-05-04 01:43:43,67,1,R$80000,Sueli Isabella Adriana Brito,12345678910
2016-05-04 01:56:05,67,1,R$60000,Sueli Isabella Adriana Brito,12345678910
2016-05-04 03:34:00,81,1,R$30000,Sueli Isabella Adriana Brito,12345678910
2016-05-04 03:44:01,81,1,R$40000,Sueli Isabella Adriana Brito,12345678910
2016-05-04 03:55:36,81,1,R$54000,Sueli Isabella Adriana Brito,12345678910
2016-05-04 03:58:49,81,1,R$20000,Sueli Isabella Adriana Brito,12345678910
2016-05-04 04:01:52,81,1,R$12000,Sueli Isabella Adriana Brito,12345678910
2016-05-04 04:04:30,81,1,R$30000,Sueli Isabella Adriana Brito,12345678910
2016-05-04 04:15:45,81,1,R$90000,Sueli Isabella Adriana Brito,12345678910
2016-05-04 04:22:49,81,1,R$80000,Sueli Isabella Adriana Brito,12345678910
2016-05-04 04:35:54,81,1,R$60000,Sueli Isabella Adriana Brito,12345678910
2016-05-04 05:21:05,00,1,R$30000,Sueli Isabella Adriana Brito,12345678910
2016-05-04 05:22:51,24,4,R$39000,Sueli Isabella Adriana Brito,12345678910
2016-05-04 05:32:17,00,1,R$40000,Sueli Isabella Adriana Brito,12345678910
2016-05-04 05:38:32,24,4,R$80000,Sueli Isabella Adriana Brito,12345678910
2016-05-04 05:45:14,00,1,R$54000,Sueli Isabella Adriana Brito,12345678910
2016-05-04 05:48:50,00,1,R$20000,Sueli Isabella Adriana Brito,12345678910
2016-05-04 05:52:15,00,1,R$12000,Sueli Isabella Adriana Brito,12345678910
2016-05-04 05:52:22,24,4,R$60000,Sueli Isabella Adriana Brito,12345678910
2016-05-04 05:55:11,00,1,R$30000,Sueli Isabella Adriana Brito,12345678910
2016-05-04 06:16:14,74,1,R$40000,Sueli Isabella Adriana Brito,12345678910
2016-05-04 06:18:16,00,1,R$39000,Sueli Isabella Adriana Brito,12345678910
2016-05-04 06:20:09,36,4,R$30000,Sueli Isabella Adriana Brito,12345678910
2016-05-04 06:29:23,36,4,R$40000,Sueli Isabella Adriana Brito,12345678910
2016-05-04 06:29:56,74,1,R$90000,Sueli Isabella Adriana Brito,12345678910
2016-05-04 06:37:37,74,1,R$80000,Sueli Isabella Adriana Brito,12345678910
2016-05-04 06:40:05,36,4,R$54000,Sueli Isabella Adriana Brito,12345678910
2016-05-04 06:43:03,36,4,R$20000,Sueli Isabella Adriana Brito,12345678910
2016-05-04 06:45:53,36,4,R$12000,Sueli Isabella Adriana Brito,12345678910
2016-05-04 06:48:18,36,4,R$30000,Sueli Isabella Adriana Brito,12345678910
2016-05-04 06:48:34,74,1,R$20760,Sueli Isabella Adriana Brito,12345678910
2016-05-04 06:49:45,36,4,R$40000,Sueli Isabella Adriana Brito,12345678910
2016-05-04 07:00:53,45,3,R$24000,Sueli Isabella Adriana Brito,12345678910
2016-05-04 07:11:09,99,3,R$39000,Sueli Isabella Adriana Brito,12345678910
2016-05-04 07:20:41,45,3,R$54000,Sueli Isabella Adriana Brito,12345678910
2016-05-04 07:23:54,45,3,R$20000,Sueli Isabella Adriana Brito,12345678910
2016-05-04 07:26:56,45,3,R$12000,Sueli Isabella Adriana Brito,12345678910
2016-05-04 07:29:33,45,3,R$30000,Sueli Isabella Adriana Brito,12345678910
2016-05-04 07:30:59,99,3,R$40000,Sueli Isabella Adriana Brito,12345678910
2016-05-04 07:40:45,45,3,R$90000,Sueli Isabella Adriana Brito,12345678910
2016-05-04 07:41:43,9,2,R$34895,Sueli Isabella Adriana Brito,12345678910
2016-05-04 07:46:49,59,1,R$78000,Sueli Isabella Adriana Brito,12345678910
2016-05-04 07:47:48,45,3,R$80000,Sueli Isabella Adriana Brito,12345678910
2016-05-04 07:52:31,9,2,R$80000,Sueli Isabella Adriana Brito,12345678910
2016-05-04 08:00:51,45,3,R$60000,Sueli Isabella Adriana Brito,12345678910
2016-05-04 08:07:05,59,1,R$54000,Sueli Isabella Adriana Brito,12345678910
2016-05-04 08:09:03,9,2,R$39000,Sueli Isabella Adriana Brito,12345678910
2016-05-04 08:10:21,59,1,R$20000,Sueli Isabella Adriana Brito,12345678910
2016-05-04 08:13:26,59,1,R$12000,Sueli Isabella Adriana Brito,12345678910
2016-05-04 08:16:07,59,1,R$30000,Sueli Isabella Adriana Brito,12345678910
2016-05-04 08:17:41,59,1,R$40000,Sueli Isabella Adriana Brito,12345678910
2016-05-04 08:19:36,17,5,R$23876,Sueli Isabella Adriana Brito,12345678910
2016-05-04 08:19:55,38,5,R$23876,Sueli Isabella Adriana Brito,12345678910
2016-05-04 08:21:07,17,5,R$19876,Sueli Isabella Adriana Brito,12345678910
2016-05-04 08:21:15,09,1,R$60000,Sueli Isabella Adriana Brito,12345678910
2016-05-04 08:21:17,38,5,R$19876,Sueli Isabella Adriana Brito,12345678910
2016-05-04 08:25:47,38,5,R$70000,Sueli Isabella Adriana Brito,12345678910
2016-05-04 08:26:10,98,4,R$30000,Sueli Isabella Adriana Brito,12345678910
2016-05-04 08:26:41,38,5,R$10000,Sueli Isabella Adriana Brito,12345678910
2016-05-04 08:27:38,38,5,R$20000,Enzo Miguel da Rocha,12345678910
2016-05-04 08:29:49,58,2,R$60000,Enzo Miguel da Rocha,12345678910
2016-05-04 08:30:46,17,5,R$40000,Enzo Miguel da Rocha,12345678910
2016-05-04 08:36:17,09,1,R$80000,Enzo Miguel da Rocha,12345678910
2016-05-04 08:39:16,38,5,R$80000,Enzo Miguel da Rocha,12345678910
2016-05-04 08:39:45,75,3,R$78000,Enzo Miguel da Rocha,12345678910
2016-05-04 08:41:26,58,2,R$80000,Enzo Miguel da Rocha,12345678910
2016-05-04 08:42:05,17,5,R$54000,Enzo Miguel da Rocha,12345678910
2016-05-04 08:44:26,09,1,R$90000,Enzo Miguel da Rocha,12345678910
2016-05-04 08:45:14,17,5,R$20000,Enzo Miguel da Rocha,12345678910
2016-05-04 08:46:40,98,4,R$78000,Enzo Miguel da Rocha,12345678910
2016-05-04 08:51:29,38,5,R$34876,Enzo Miguel da Rocha,12345678910
2016-05-04 08:54:41,58,2,R$39000,Enzo Miguel da Rocha,12345678910
2016-05-04 08:57:22,09,1,R$30000,Enzo Miguel da Rocha,12345678910
2016-05-04 08:58:02,75,3,R$54000,Enzo Miguel da Rocha,12345678910
2016-05-04 09:00:24,09,1,R$12000,Enzo Miguel da Rocha,12345678910
2016-05-04 09:00:57,75,3,R$20000,Enzo Miguel da Rocha,12345678910
2016-05-04 09:03:44,75,3,R$12000,Enzo Miguel da Rocha,12345678910
2016-05-04 09:03:55,09,1,R$20000,Enzo Miguel da Rocha,12345678910
2016-05-04 09:05:31,38,5,R$34876,Enzo Miguel da Rocha,12345678910
2016-05-04 09:06:08,75,3,R$30000,Enzo Miguel da Rocha,12345678910
2016-05-04 09:07:39,09,1,R$54000,Enzo Miguel da Rocha,12345678910
2016-05-04 09:12:08,38,5,gate1,Enzo Miguel da Rocha,12345678910
2016-05-04 09:13:31,38,5,gate0,Enzo Miguel da Rocha,12345678910
2016-05-04 09:14:32,38,5,R$30000,Enzo Miguel da Rocha,12345678910
2016-05-04 09:16:21,75,3,R$90000,Enzo Miguel da Rocha,12345678910
2016-05-04 09:16:52,38,5,R$12000,Enzo Miguel da Rocha,12345678910
2016-05-04 09:19:36,38,5,R$20000,Enzo Miguel da Rocha,12345678910
2016-05-04 09:22:27,38,5,R$54000,Enzo Miguel da Rocha,12345678910
2016-05-04 09:22:43,93,2,R$30000,Enzo Miguel da Rocha,12345678910
2016-05-04 09:22:48,75,3,R$80000,Enzo Miguel da Rocha,12345678910
2016-05-04 09:28:20,93,2,R$34000,Enzo Miguel da Rocha,12345678910
2016-05-04 09:30:42,09,1,R$24000,Enzo Miguel da Rocha,12345678910
2016-05-04 09:34:44,75,3,R$60000,Enzo Miguel da Rocha,12345678910
2016-05-04 09:35:52,93,2,R$49000,Enzo Miguel da Rocha,12345678910
2016-05-04 09:35:53,38,5,R$64895,Enzo Miguel da Rocha,12345678910
2016-05-04 09:36:16,17,5,R$20000,Enzo Miguel da Rocha,12345678910
2016-05-04 09:37:31,38,5,R$34000,Enzo Miguel da Rocha,12345678910
2016-05-04 09:38:54,62,1,R$34895,Enzo Miguel da Rocha,12345678910
2016-05-04 09:39:13,17,5,R$12000,Enzo Miguel da Rocha,12345678910
2016-05-04 09:41:47,17,5,R$30000,Enzo Miguel da Rocha,12345678910
2016-05-04 09:42:33,38,5,R$34000,Enzo Miguel da Rocha,12345678910
2016-05-04 09:44:07,38,5,R$64895,Enzo Miguel da Rocha,12345678910
2016-05-04 09:47:08,62,1,R$60000,Enzo Miguel da Rocha,12345678910
2016-05-04 09:51:26,38,5,R$40000,Enzo Miguel da Rocha,12345678910
2016-05-04 09:52:44,17,5,R$90000,Enzo Miguel da Rocha,12345678910
2016-05-04 09:59:38,17,5,R$80000,Enzo Miguel da Rocha,12345678910
2016-05-04 10:00:15,38,5,R$19876,Enzo Miguel da Rocha,12345678910
2016-05-04 10:01:39,38,5,R$23876,Enzo Miguel da Rocha,12345678910
2016-05-04 10:11:56,17,5,R$48975,Enzo Miguel da Rocha,12345678910
2016-05-04 10:47:58,17,5,R$48975,Enzo Miguel da Rocha,12345678910
2016-05-04 11:00:13,17,5,R$80000,Enzo Miguel da Rocha,12345678910
2016-05-04 11:07:04,17,5,R$90000,Enzo Miguel da Rocha,12345678910
2016-05-04 11:18:01,17,5,R$30000,Enzo Miguel da Rocha,12345678910
2016-05-04 11:20:35,17,5,R$12000,Enzo Miguel da Rocha,12345678910
2016-05-04 11:31:21,98,1,R$39000,Enzo Miguel da Rocha,12345678910
2016-05-04 11:32:52,84,5,R$23876,Enzo Miguel da Rocha,12345678910
2016-05-04 11:34:14,84,5,R$19876,Enzo Miguel da Rocha,12345678910
2016-05-04 11:44:54,98,1,R$80000,Enzo Miguel da Rocha,12345678910
2016-05-04 11:45:34,84,5,R$23451,Enzo Miguel da Rocha,12345678910
2016-05-04 11:47:11,84,5,R$1000,Enzo Miguel da Rocha,12345678910
2016-05-04 11:56:37,17,5,R$12000,Enzo Miguel da Rocha,12345678910
2016-05-04 11:59:34,17,5,R$20000,Enzo Miguel da Rocha,12345678910
2016-05-04 12:01:16,98,1,R$20980,Enzo Miguel da Rocha,12345678910
2016-05-04 12:01:25,98,1,R$20980,Enzo Miguel da Rocha,12345678910
2016-05-04 12:02:43,17,5,R$54000,Enzo Miguel da Rocha,12345678910
2016-05-04 12:14:01,17,5,R$40000,Enzo Miguel da Rocha,12345678910
2016-05-04 12:17:38,4,3,R$39000,Enzo Miguel da Rocha,12345678910
2016-05-04 12:17:42,98,1,R$80000,Enzo Miguel da Rocha,12345678910
2016-05-04 12:23:41,17,5,R$19876,Enzo Miguel da Rocha,12345678910
2016-05-04 12:25:13,17,5,R$23876,Enzo Miguel da Rocha,12345678910
2016-05-04 12:29:13,84,5,R$1000,Enzo Miguel da Rocha,12345678910
2016-05-04 12:30:44,84,5,R$23451,Enzo Miguel da Rocha,12345678910
2016-05-04 12:31:18,98,1,R$39000,Enzo Miguel da Rocha,12345678910
2016-05-04 12:38:41,4,3,R$30000,Enzo Miguel da Rocha,12345678910
2016-05-04 12:39:12,84,5,R$40000,Enzo Miguel da Rocha,12345678910
2016-05-04 12:41:22,4,3,R$12000,Enzo Miguel da Rocha,12345678910
2016-05-04 12:43:14,72,1,R$78000,Enzo Miguel da Rocha,12345678910
2016-05-04 12:44:29,4,3,R$20000,Enzo Miguel da Rocha,12345678910
2016-05-04 12:47:46,4,3,R$54000,Enzo Miguel da Rocha,12345678910
2016-05-04 12:49:46,84,5,R$54000,Enzo Miguel da Rocha,12345678910
2016-05-04 12:52:42,84,5,R$20000,Enzo Miguel da Rocha,12345678910
2016-05-04 12:55:29,84,5,R$12000,Enzo Miguel da Rocha,12345678910
2016-05-04 12:59:35,4,3,R$40000,Enzo Miguel da Rocha,12345678910
2016-05-04 13:05:09,72,1,R$54000,Enzo Miguel da Rocha,12345678910
2016-05-04 13:08:40,72,1,R$20000,Enzo Miguel da Rocha,12345678910
2016-05-04 13:09:51,4,3,R$30000,Enzo Miguel da Rocha,12345678910
2016-05-04 13:12:01,72,1,R$12000,Enzo Miguel da Rocha,12345678910
2016-05-04 13:14:53,72,1,R$30000,Enzo Miguel da Rocha,12345678910
2016-05-04 13:27:08,72,1,R$90000,Enzo Miguel da Rocha,12345678910
2016-05-04 13:34:31,84,5,R$12000,Enzo Miguel da Rocha,12345678910
2016-05-04 13:34:52,72,1,R$80000,Enzo Miguel da Rocha,12345678910
2016-05-04 13:37:13,84,5,R$20000,Enzo Miguel da Rocha,12345678910
2016-05-04 13:39:12,69,2,R$60000,Enzo Miguel da Rocha,12345678910
2016-05-04 13:40:08,84,5,R$54000,Enzo Miguel da Rocha,12345678910
2016-05-04 13:45:10,69,2,R$20980,Enzo Miguel da Rocha,12345678910
2016-05-04 13:49:13,72,1,R$60000,Enzo Miguel da Rocha,12345678910
2016-05-04 13:50:14,22,1,R$30000,Enzo Miguel da Rocha,12345678910
2016-05-04 13:50:42,84,5,R$40000,Enzo Miguel da Rocha,12345678910
2016-05-04 13:59:09,84,5,R$23451,Enzo Miguel da Rocha,12345678910
2016-05-04 14:00:27,22,1,R$40000,Enzo Miguel da Rocha,12345678910
2016-05-04 14:00:45,84,5,R$1000,Enzo Miguel da Rocha,12345678910
2016-05-04 14:06:20,96,1,R$78000,Enzo Miguel da Rocha,12345678910
2016-05-04 14:12:17,22,1,R$54000,Enzo Miguel da Rocha,12345678910
2016-05-04 14:15:35,22,1,R$20000,Enzo Miguel da Rocha,12345678910
2016-05-04 14:18:42,22,1,R$12000,Enzo Miguel da Rocha,12345678910
2016-05-04 14:20:24,96,1,R$34000,Enzo Miguel da Rocha,12345678910
2016-05-04 14:21:23,22,1,R$30000,Enzo Miguel da Rocha,12345678910
2016-05-04 14:29:21,96,1,R$49000,Enzo Miguel da Rocha,12345678910
2016-05-04 14:29:47,84,5,R$1000,Enzo Miguel da Rocha,12345678910
2016-05-04 14:31:18,84,5,R$23451,Enzo Miguel da Rocha,12345678910
2016-05-04 14:38:10,84,5,R$70000,Enzo Miguel da Rocha,12345678910
2016-05-04 14:39:05,84,5,R$10000,Enzo Miguel da Rocha,12345678910
2016-05-04 14:40:03,84,5,R$20000,Enzo Miguel da Rocha,12345678910
2016-05-04 14:42:33,22,1,R$39000,Enzo Miguel da Rocha,12345678910
2016-05-04 14:54:54,84,5,R$37658,Enzo Miguel da Rocha,12345678910
2016-05-04 14:55:53,84,5,R$29765,Enzo Miguel da Rocha,12345678910
2016-05-04 15:13:55,84,5,R$29765,Enzo Miguel da Rocha,12345678910
2016-05-04 15:14:52,84,5,R$37658,Enzo Miguel da Rocha,12345678910
2016-05-04 15:21:46,97,3,R$39000,Enzo Miguel da Rocha,12345678910
2016-05-04 15:29:41,84,5,R$20000,Enzo Miguel da Rocha,12345678910
2016-05-04 15:30:40,84,5,R$10000,Enzo Miguel da Rocha,12345678910
2016-05-04 15:31:34,84,5,R$70000,Enzo Miguel da Rocha,12345678910
2016-05-04 15:36:12,84,5,R$19876,Enzo Miguel da Rocha,12345678910
2016-05-04 15:37:37,84,5,R$23876,Enzo Miguel da Rocha,12345678910
2016-05-04 15:38:32,97,3,R$80000,Enzo Miguel da Rocha,12345678910
2016-05-04 15:54:00,97,3,R$34876,Enzo Miguel da Rocha,12345678910
2016-05-04 17:14:49,02,1,R$78000,Enzo Miguel da Rocha,12345678910
2016-05-04 17:36:26,02,1,R$54000,Enzo Miguel da Rocha,12345678910
2016-05-04 17:39:55,02,1,R$20000,Enzo Miguel da Rocha,12345678910
2016-05-04 17:43:13,02,1,R$12000,Enzo Miguel da Rocha,12345678910
2016-05-04 17:46:04,02,1,R$30000,Enzo Miguel da Rocha,12345678910
2016-05-04 17:46:54,12,3,R$40000,Enzo Miguel da Rocha,12345678910
2016-05-04 17:57:21,96,1,R$40000,Enzo Miguel da Rocha,12345678910
2016-05-04 17:58:12,02,1,R$90000,Enzo Miguel da Rocha,12345678910
2016-05-04 18:05:50,02,1,R$80000,Enzo Miguel da Rocha,12345678910
2016-05-04 18:07:24,12,3,R$39000,Enzo Miguel da Rocha,12345678910
2016-05-04 18:10:57,96,1,R$90000,Enzo Miguel da Rocha,12345678910
2016-05-04 18:18:37,96,1,R$80000,Enzo Miguel da Rocha,12345678910
2016-05-04 18:19:59,02,1,R$60000,Enzo Miguel da Rocha,12345678910
2016-05-04 18:33:29,96,1,R$34876,Enzo Miguel da Rocha,12345678910
2016-05-04 19:39:52,56,5,R$60000,Enzo Miguel da Rocha,12345678910
2016-05-04 19:52:52,56,5,R$80000,Enzo Miguel da Rocha,12345678910
2016-05-04 19:59:55,56,5,R$90000,Enzo Miguel da Rocha,12345678910
2016-05-04 20:11:08,56,5,R$30000,Enzo Miguel da Rocha,12345678910
2016-05-04 20:13:47,56,5,R$12000,Enzo Miguel da Rocha,12345678910
2016-05-04 20:16:49,56,5,R$20000,Enzo Miguel da Rocha,12345678910
2016-05-04 20:20:03,40,4,R$39000,Enzo Miguel da Rocha,12345678910
2016-05-04 20:20:03,56,5,R$54000,Enzo Miguel da Rocha,12345678910
2016-05-04 20:31:36,56,5,R$40000,Enzo Miguel da Rocha,12345678910
2016-05-04 20:41:39,56,5,R$30000,Otávio Henry José Pires,12345678910
2016-05-04 20:42:02,40,4,R$30000,Otávio Henry José Pires,12345678910
2016-05-04 20:44:49,40,4,R$12000,Otávio Henry José Pires,12345678910
2016-05-04 20:48:06,40,4,R$20000,Otávio Henry José Pires,12345678910
2016-05-04 20:51:32,40,4,R$54000,Otávio Henry José Pires,12345678910
2016-05-04 21:12:56,40,4,R$78000,Otávio Henry José Pires,12345678910
2016-05-04 21:25:30,19,6,R$78000,Otávio Henry José Pires,12345678910
2016-05-04 21:46:07,19,6,R$30000,Otávio Henry José Pires,12345678910
2016-05-04 22:33:42,39,1,R$60000,Otávio Henry José Pires,12345678910
2016-05-04 22:46:44,39,1,R$80000,Otávio Henry José Pires,12345678910
2016-05-04 22:53:48,39,1,R$90000,Otávio Henry José Pires,12345678910
2016-05-04 23:05:03,39,1,R$30000,Otávio Henry José Pires,12345678910
2016-05-04 23:07:42,39,1,R$12000,Otávio Henry José Pires,12345678910
2016-05-04 23:10:44,39,1,R$20000,Otávio Henry José Pires,12345678910
2016-05-04 23:13:58,39,1,R$54000,Otávio Henry José Pires,12345678910
2016-05-04 23:25:32,39,1,R$40000,Otávio Henry José Pires,12345678910
2016-05-04 23:35:37,39,1,R$30000,Otávio Henry José Pires,12345678910
2016-05-05 00:01:29,60,2,R$60000,Otávio Henry José Pires,12345678910
2016-05-05 00:12:47,72,3,R$40000,Otávio Henry José Pires,12345678910
2016-05-05 00:16:16,60,2,R$80000,Otávio Henry José Pires,12345678910
2016-05-05 00:24:18,60,2,R$90000,Otávio Henry José Pires,12345678910
2016-05-05 00:32:46,72,3,R$39000,Otávio Henry José Pires,12345678910
2016-05-05 00:38:38,60,2,R$40000,Otávio Henry José Pires,12345678910
2016-05-05 01:03:00,08,2,R$60000,Otávio Henry José Pires,12345678910
2016-05-05 01:16:04,08,2,R$80000,Otávio Henry José Pires,12345678910
2016-05-05 01:23:09,08,2,R$90000,Otávio Henry José Pires,12345678910
2016-05-05 01:35:49,08,2,R$40000,Otávio Henry José Pires,12345678910
2016-05-05 04:13:16,20,1,R$39000,Otávio Henry José Pires,12345678910
2016-05-05 04:14:35,41,5,R$40000,Otávio Henry José Pires,12345678910
2016-05-05 04:16:15,41,5,R$30000,Otávio Henry José Pires,12345678910
2016-05-05 04:19:09,41,5,R$12000,Otávio Henry José Pires,12345678910
2016-05-05 04:22:32,41,5,R$20000,Otávio Henry José Pires,12345678910
2016-05-05 04:24:46,06,3,R$78000,Otávio Henry José Pires,12345678910
2016-05-05 04:26:05,41,5,R$54000,Otávio Henry José Pires,12345678910
2016-05-05 04:30:16,99,2,R$40000,Otávio Henry José Pires,12345678910
2016-05-05 04:31:36,99,2,R$30000,Otávio Henry José Pires,12345678910
2016-05-05 04:33:05,20,1,R$40000,Otávio Henry José Pires,12345678910
2016-05-05 04:33:56,99,2,R$12000,Otávio Henry José Pires,12345678910
2016-05-05 04:36:39,99,2,R$20000,Otávio Henry José Pires,12345678910
2016-05-05 04:38:54,41,5,R$40000,Otávio Henry José Pires,12345678910
2016-05-05 04:39:30,99,2,R$54000,Otávio Henry José Pires,12345678910
2016-05-05 04:40:14,57,5,R$78000,Otávio Henry José Pires,12345678910
2016-05-05 04:45:38,06,3,R$30000,Otávio Henry José Pires,12345678910
2016-05-05 04:49:42,99,2,R$40000,Otávio Henry José Pires,12345678910
2016-05-05 04:50:01,41,5,R$30000,Otávio Henry José Pires,12345678910
2016-05-05 04:50:01,61,1,R$60000,Otávio Henry José Pires,12345678910
2016-05-05 04:58:24,57,5,R$54000,Otávio Henry José Pires,12345678910
2016-05-05 04:58:35,99,2,R$30000,Otávio Henry José Pires,12345678910
2016-05-05 05:01:19,57,5,R$20000,Otávio Henry José Pires,12345678910
2016-05-05 05:04:05,57,5,R$12000,Otávio Henry José Pires,12345678910
2016-05-05 05:04:08,61,1,R$80000,Otávio Henry José Pires,12345678910
2016-05-05 05:06:28,57,5,R$30000,Otávio Henry José Pires,12345678910
2016-05-05 05:11:48,61,1,R$90000,Otávio Henry José Pires,12345678910
2016-05-05 05:16:40,57,5,R$90000,Otávio Henry José Pires,12345678910
2016-05-05 05:23:06,57,5,R$80000,Otávio Henry José Pires,12345678910
2016-05-05 05:25:28,61,1,R$40000,Otávio Henry José Pires,12345678910
2016-05-05 05:32:59,23,4,R$30000,Otávio Henry José Pires,12345678910
2016-05-05 05:35:00,57,5,R$60000,Otávio Henry José Pires,12345678910
2016-05-05 05:42:49,23,4,R$40000,Otávio Henry José Pires,12345678910
2016-05-05 05:54:13,23,4,R$54000,Otávio Henry José Pires,12345678910
2016-05-05 05:57:24,23,4,R$20000,Otávio Henry José Pires,12345678910
2016-05-05 06:00:24,23,4,R$12000,Otávio Henry José Pires,12345678910
2016-05-05 06:02:58,23,4,R$30000,Otávio Henry José Pires,12345678910
2016-05-05 06:08:44,09,2,R$39000,Otávio Henry José Pires,12345678910
2016-05-05 06:12:43,60,1,R$39000,Otávio Henry José Pires,12345678910
2016-05-05 06:23:17,23,4,R$39000,Otávio Henry José Pires,12345678910
2016-05-05 06:30:28,09,2,R$40000,Otávio Henry José Pires,12345678910
2016-05-05 06:33:49,60,1,R$30000,Otávio Henry José Pires,12345678910
2016-05-05 06:36:31,60,1,R$12000,Otávio Henry José Pires,12345678910
2016-05-05 06:39:39,60,1,R$20000,Otávio Henry José Pires,12345678910
2016-05-05 06:42:56,60,1,R$54000,Otávio Henry José Pires,12345678910
2016-05-05 07:03:21,60,1,R$24000,Otávio Henry José Pires,12345678910
2016-05-05 07:39:40,31,1,R$40000,Otávio Henry José Pires,12345678910
2016-05-05 07:41:13,31,1,R$30000,Otávio Henry José Pires,12345678910
2016-05-05 07:43:57,31,1,R$12000,Otávio Henry José Pires,12345678910
2016-05-05 07:47:08,31,1,R$20000,Otávio Henry José Pires,12345678910
2016-05-05 07:50:29,31,1,R$54000,Otávio Henry José Pires,12345678910
2016-05-05 08:11:22,31,1,R$78000,Otávio Henry José Pires,12345678910
2016-05-05 08:14:33,51,1,R$30000,Otávio Henry José Pires,12345678910
2016-05-05 08:18:16,1,1,R$40000,Otávio Henry José Pires,12345678910
2016-05-05 08:19:37,1,1,R$30000,Otávio Henry José Pires,12345678910
2016-05-05 08:21:58,1,1,R$12000,Otávio Henry José Pires,12345678910
2016-05-05 08:24:31,51,1,R$40000,Otávio Henry José Pires,12345678910
2016-05-05 08:24:42,1,1,R$20000,Otávio Henry José Pires,12345678910
2016-05-05 08:27:33,1,1,R$54000,Otávio Henry José Pires,12345678910
2016-05-05 08:36:01,51,1,R$54000,Otávio Henry José Pires,12345678910
2016-05-05 08:37:51,1,1,R$40000,Otávio Henry José Pires,12345678910
2016-05-05 08:39:15,51,1,R$20000,Otávio Henry José Pires,12345678910
2016-05-05 08:41:34,1,1,R$34000,Otávio Henry José Pires,12345678910
2016-05-05 08:42:17,51,1,R$12000,Otávio Henry José Pires,12345678910
2016-05-05 08:44:54,51,1,R$30000,Otávio Henry José Pires,12345678910
2016-05-05 08:46:26,51,1,R$40000,Otávio Henry José Pires,12345678910
2016-05-05 08:49:10,1,1,R$49000,Otávio Henry José Pires,12345678910
2016-05-05 08:55:41,03,1,R$60000,Otávio Henry José Pires,12345678910
2016-05-05 09:10:37,03,1,R$80000,Otávio Henry José Pires,12345678910
2016-05-05 09:18:44,03,1,R$90000,Otávio Henry José Pires,12345678910
2016-05-05 09:33:11,03,1,R$40000,Otávio Henry José Pires,12345678910
2016-05-05 10:00:02,60,1,R$24000,Otávio Henry José Pires,12345678910
2016-05-05 10:13:20,60,1,R$40000,Otávio Henry José Pires,12345678910
2016-05-05 10:14:42,40,2,R$39000,Otávio Henry José Pires,12345678910
2016-05-05 10:23:39,60,1,R$30000,Otávio Henry José Pires,12345678910
2016-05-05 10:31:56,40,2,R$80000,Otávio Henry José Pires,12345678910
2016-05-05 10:43:19,40,2,R$34895,Otávio Henry José Pires,12345678910
2016-05-05 11:46:08,04,5,R$39000,Otávio Henry José Pires,12345678910
2016-05-05 11:51:38,73,1,R$60000,Otávio Henry José Pires,12345678910
2016-05-05 11:53:19,55,1,R$30000,Otávio Henry José Pires,12345678910
2016-05-05 12:02:13,55,1,R$40000,Otávio Henry José Pires,12345678910
2016-05-05 12:04:00,73,1,R$80000,Otávio Henry José Pires,12345678910
2016-05-05 12:07:28,04,5,R$30000,Otávio Henry José Pires,12345678910
2016-05-05 12:10:12,04,5,R$12000,Otávio Henry José Pires,12345678910
2016-05-05 12:10:41,73,1,R$90000,Otávio Henry José Pires,12345678910
2016-05-05 12:12:30,55,1,R$54000,Otávio Henry José Pires,12345678910
2016-05-05 12:13:22,04,5,R$20000,Otávio Henry José Pires,12345678910
2016-05-05 12:15:22,55,1,R$20000,Otávio Henry José Pires,12345678910
2016-05-05 12:16:42,04,5,R$54000,Otávio Henry José Pires,12345678910
2016-05-05 12:18:06,55,1,R$12000,Otávio Henry José Pires,12345678910
2016-05-05 12:18:56,48,2,R$40000,Otávio Henry José Pires,12345678910
2016-05-05 12:20:27,55,1,R$30000,Otávio Henry José Pires,12345678910
2016-05-05 12:20:35,48,2,R$30000,Otávio Henry José Pires,12345678910
2016-05-05 12:21:18,73,1,R$30000,Otávio Henry José Pires,12345678910
2016-05-05 12:23:30,48,2,R$12000,Otávio Henry José Pires,12345678910
2016-05-05 12:23:47,73,1,R$12000,Otávio Henry José Pires,12345678910
2016-05-05 12:26:40,73,1,R$20000,Otávio Henry José Pires,12345678910
2016-05-05 12:26:52,48,2,R$20000,Otávio Henry José Pires,12345678910
2016-05-05 12:29:43,73,1,R$54000,Otávio Henry José Pires,12345678910
2016-05-05 12:30:25,48,2,R$54000,Otávio Henry José Pires,12345678910
2016-05-05 12:30:26,55,1,R$90000,Otávio Henry José Pires,12345678910
2016-05-05 12:36:43,55,1,R$80000,Otávio Henry José Pires,12345678910
2016-05-05 12:37:28,04,5,R$78000,Otávio Henry José Pires,12345678910
2016-05-05 12:40:42,73,1,R$40000,Otávio Henry José Pires,12345678910
2016-05-05 12:43:14,48,2,R$40000,Otávio Henry José Pires,12345678910
2016-05-05 12:44:39,73,1,R$34000,Otávio Henry José Pires,12345678910
2016-05-05 12:48:21,55,1,R$60000,Otávio Henry José Pires,12345678910
2016-05-05 12:51:07,99,4,R$60000,Otávio Henry José Pires,12345678910
2016-05-05 12:52:45,73,1,R$49000,Otávio Henry José Pires,12345678910
2016-05-05 12:54:22,48,2,R$30000,Otávio Henry José Pires,12345678910
2016-05-05 13:06:11,99,4,R$80000,Otávio Henry José Pires,12345678910
2016-05-05 13:14:23,99,4,R$90000,Otávio Henry José Pires,12345678910
2016-05-05 13:21:03,78,1,R$20760,Otávio Henry José Pires,12345678910
2016-05-05 13:21:24,74,2,R$50000,Otávio Henry José Pires,12345678910
2016-05-05 13:27:24,99,4,R$30000,Otávio Henry José Pires,12345678910
2016-05-05 13:30:27,99,4,R$12000,Otávio Henry José Pires,12345678910
2016-05-05 13:30:57,78,1,R$80000,Otávio Henry José Pires,12345678910
2016-05-05 13:33:59,99,4,R$20000,Otávio Henry José Pires,12345678910
2016-05-05 13:37:44,99,4,R$54000,Otávio Henry José Pires,12345678910
2016-05-05 13:37:53,78,1,R$90000,Otávio Henry José Pires,12345678910
2016-05-05 13:39:15,74,2,R$78000,Otávio Henry José Pires,12345678910
2016-05-05 13:45:06,15,3,R$49000,Otávio Henry José Pires,12345678910
2016-05-05 13:45:19,58,4,R$60000,Otávio Henry José Pires,12345678910
2016-05-05 13:48:58,78,1,R$30000,Otávio Henry José Pires,12345678910
2016-05-05 13:51:34,78,1,R$12000,Otávio Henry José Pires,12345678910
2016-05-05 13:51:48,87,1,R$78000,Otávio Henry José Pires,12345678910
2016-05-05 13:53:25,15,3,R$34000,Otávio Henry José Pires,12345678910
2016-05-05 13:53:29,85,1,R$30000,Otávio Henry José Pires,12345678910
2016-05-05 13:54:34,78,1,R$20000,Francisca Josefa Gabriela Martins,12345678910
2016-05-05 13:57:16,58,4,R$80000,Francisca Josefa Gabriela Martins,12345678910
2016-05-05 13:57:45,78,1,R$54000,Francisca Josefa Gabriela Martins,12345678910
2016-05-05 14:00:59,99,4,R$78000,Francisca Josefa Gabriela Martins,12345678910
2016-05-05 14:03:28,85,1,R$40000,Francisca Josefa Gabriela Martins,12345678910
2016-05-05 14:03:44,58,4,R$90000,Francisca Josefa Gabriela Martins,12345678910
2016-05-05 14:06:42,15,3,R$78000,Francisca Josefa Gabriela Martins,12345678910
2016-05-05 14:09:10,78,1,R$40000,Francisca Josefa Gabriela Martins,12345678910
2016-05-05 14:09:25,87,1,R$54000,Francisca Josefa Gabriela Martins,12345678910
2016-05-05 14:12:16,87,1,R$20000,Francisca Josefa Gabriela Martins,12345678910
2016-05-05 14:14:01,58,4,R$30000,Francisca Josefa Gabriela Martins,12345678910
2016-05-05 14:14:58,87,1,R$12000,Francisca Josefa Gabriela Martins,12345678910
2016-05-05 14:15:01,85,1,R$54000,Francisca Josefa Gabriela Martins,12345678910
2016-05-05 14:16:26,58,4,R$12000,Francisca Josefa Gabriela Martins,12345678910
2016-05-05 14:17:17,87,1,R$30000,Francisca Josefa Gabriela Martins,12345678910
2016-05-05 14:18:14,85,1,R$20000,Francisca Josefa Gabriela Martins,12345678910
2016-05-05 14:19:05,78,1,R$30000,Francisca Josefa Gabriela Martins,12345678910
2016-05-05 14:19:13,58,4,R$20000,Francisca Josefa Gabriela Martins,12345678910
2016-05-05 14:21:16,85,1,R$12000,Francisca Josefa Gabriela Martins,12345678910
2016-05-05 14:22:10,58,4,R$54000,Francisca Josefa Gabriela Martins,12345678910
2016-05-05 14:23:27,18,3,R$40000,Francisca Josefa Gabriela Martins,12345678910
2016-05-05 14:23:54,85,1,R$30000,Francisca Josefa Gabriela Martins,12345678910
2016-05-05 14:27:11,87,1,R$90000,Francisca Josefa Gabriela Martins,12345678910
2016-05-05 14:33:25,87,1,R$80000,Francisca Josefa Gabriela Martins,12345678910
2016-05-05 14:35:06,85,1,R$90000,Francisca Josefa Gabriela Martins,12345678910
2016-05-05 14:36:14,18,3,R$90000,Francisca Josefa Gabriela Martins,12345678910
2016-05-05 14:40:34,58,4,R$78000,Francisca Josefa Gabriela Martins,12345678910
2016-05-05 14:42:09,85,1,R$80000,Francisca Josefa Gabriela Martins,12345678910
2016-05-05 14:43:23,18,3,R$80000,Francisca Josefa Gabriela Martins,12345678910
2016-05-05 14:44:58,87,1,R$60000,Francisca Josefa Gabriela Martins,12345678910
2016-05-05 14:52:19,14,3,R$78000,Francisca Josefa Gabriela Martins,12345678910
2016-05-05 14:53:21,18,3,R$34895,Francisca Josefa Gabriela Martins,12345678910
2016-05-05 15:00:26,85,1,R$430000,Francisca Josefa Gabriela Martins,12345678910
2016-05-05 15:10:07,14,3,R$30000,Francisca Josefa Gabriela Martins,12345678910
2016-05-05 15:22:53,21,1,R$30000,Francisca Josefa Gabriela Martins,12345678910
2016-05-05 15:33:17,21,1,R$40000,Francisca Josefa Gabriela Martins,12345678910
2016-05-05 15:45:19,21,1,R$54000,Francisca Josefa Gabriela Martins,12345678910
2016-05-05 15:48:41,21,1,R$20000,Francisca Josefa Gabriela Martins,12345678910
2016-05-05 15:51:51,21,1,R$12000,Francisca Josefa Gabriela Martins,12345678910
2016-05-05 15:54:34,21,1,R$30000,Francisca Josefa Gabriela Martins,12345678910
2016-05-05 16:06:13,21,1,R$90000,Francisca Josefa Gabriela Martins,12345678910
2016-05-05 16:13:34,21,1,R$80000,Francisca Josefa Gabriela Martins,12345678910
2016-05-05 16:20:11,06,1,R$60000,Francisca Josefa Gabriela Martins,12345678910
2016-05-05 16:27:10,21,1,R$60000,Francisca Josefa Gabriela Martins,12345678910
2016-05-05 16:32:55,06,1,R$34876,Francisca Josefa Gabriela Martins,12345678910
2016-05-05 16:32:58,06,1,R$34876,Francisca Josefa Gabriela Martins,12345678910
2016-05-05 16:48:38,06,1,R$80000,Francisca Josefa Gabriela Martins,12345678910
2016-05-05 16:50:15,18,1,R$60000,Francisca Josefa Gabriela Martins,12345678910
2016-05-05 16:53:24,78,1,R$40000,Francisca Josefa Gabriela Martins,12345678910
2016-05-05 16:55:03,78,1,R$30000,Francisca Josefa Gabriela Martins,12345678910
2016-05-05 16:57:57,78,1,R$12000,Francisca Josefa Gabriela Martins,12345678910
2016-05-05 17:01:20,78,1,R$20000,Francisca Josefa Gabriela Martins,12345678910
2016-05-05 17:03:22,18,1,R$80000,Francisca Josefa Gabriela Martins,12345678910
2016-05-05 17:04:52,78,1,R$54000,Francisca Josefa Gabriela Martins,12345678910
2016-05-05 17:05:46,06,1,R$39000,Francisca Josefa Gabriela Martins,12345678910
2016-05-05 17:12:58,19,3,R$39000,Francisca Josefa Gabriela Martins,12345678910
2016-05-05 17:12:58,61,5,R$23876,Francisca Josefa Gabriela Martins,12345678910
2016-05-05 17:13:30,18,1,R$20760,Francisca Josefa Gabriela Martins,12345678910
2016-05-05 17:13:53,32,1,R$40000,Francisca Josefa Gabriela Martins,12345678910
2016-05-05 17:14:24,61,5,R$19876,Francisca Josefa Gabriela Martins,12345678910
2016-05-05 17:15:25,32,1,R$30000,Francisca Josefa Gabriela Martins,12345678910
2016-05-05 17:17:39,78,1,R$40000,Francisca Josefa Gabriela Martins,12345678910
2016-05-05 17:18:09,32,1,R$12000,Francisca Josefa Gabriela Martins,12345678910
2016-05-05 17:19:05,61,5,R$70000,Francisca Josefa Gabriela Martins,12345678910
2016-05-05 17:20:01,61,5,R$10000,Francisca Josefa Gabriela Martins,12345678910
2016-05-05 17:21:00,61,5,R$20000,Francisca Josefa Gabriela Martins,12345678910
2016-05-05 17:21:19,32,1,R$20000,Francisca Josefa Gabriela Martins,12345678910
2016-05-05 17:24:39,32,1,R$54000,Francisca Josefa Gabriela Martins,12345678910
2016-05-05 17:27:28,19,3,R$80000,Francisca Josefa Gabriela Martins,12345678910
2016-05-05 17:28:45,78,1,R$30000,Francisca Josefa Gabriela Martins,12345678910
2016-05-05 17:33:08,61,5,R$80000,Francisca Josefa Gabriela Martins,12345678910
2016-05-05 17:36:40,32,1,R$40000,Francisca Josefa Gabriela Martins,12345678910
2016-05-05 17:37:19,19,3,R$20760,Francisca Josefa Gabriela Martins,12345678910
2016-05-05 17:46:37,61,5,gate2,Francisca Josefa Gabriela Martins,12345678910
2016-05-05 17:47:06,32,1,R$30000,Francisca Josefa Gabriela Martins,12345678910
2016-05-05 17:50:16,01,2,R$60000,Francisca Josefa Gabriela Martins,12345678910
2016-05-05 17:51:12,61,5,30000,Francisca Josefa Gabriela Martins,12345678910
2016-05-05 18:03:13,01,2,R$80000,Francisca Josefa Gabriela Martins,12345678910
2016-05-05 18:10:14,01,2,R$90000,Francisca Josefa Gabriela Martins,12345678910
2016-05-05 18:21:23,01,2,R$30000,Francisca Josefa Gabriela Martins,12345678910
2016-05-05 18:24:00,01,2,R$12000,Francisca Josefa Gabriela Martins,12345678910
2016-05-05 18:27:01,01,2,R$20000,Francisca Josefa Gabriela Martins,12345678910
2016-05-05 18:30:14,01,2,R$54000,Francisca Josefa Gabriela Martins,12345678910
2016-05-05 18:37:08,19,3,R$78000,Francisca Josefa Gabriela Martins,12345678910
2016-05-05 18:38:20,83,1,R$20760,Francisca Josefa Gabriela Martins,12345678910
2016-05-05 18:41:43,01,2,R$40000,Francisca Josefa Gabriela Martins,12345678910
2016-05-05 18:44:04,54,4,R$40000,Francisca Josefa Gabriela Martins,12345678910
2016-05-05 18:45:47,54,4,R$30000,Francisca Josefa Gabriela Martins,12345678910
2016-05-05 18:46:14,61,5,30000,Francisca Josefa Gabriela Martins,12345678910
2016-05-05 18:47:28,83,1,R$80000,Francisca Josefa Gabriela Martins,12345678910
2016-05-05 18:48:47,54,4,R$12000,Francisca Josefa Gabriela Martins,12345678910
2016-05-05 18:50:43,61,5,gate2,Francisca Josefa Gabriela Martins,12345678910
2016-05-05 18:51:43,01,2,R$30000,Francisca Josefa Gabriela Martins,12345678910
2016-05-05 18:51:43,28,1,R$78000,Francisca Josefa Gabriela Martins,12345678910
2016-05-05 18:52:17,54,4,R$20000,Francisca Josefa Gabriela Martins,12345678910
2016-05-05 18:53:50,83,1,R$90000,Francisca Josefa Gabriela Martins,12345678910
2016-05-05 18:55:57,54,4,R$54000,Francisca Josefa Gabriela Martins,12345678910
2016-05-05 18:58:10,,1,R$60000,Francisca Josefa Gabriela Martins,12345678910
2016-05-05 18:58:11,19,3,R$54000,Francisca Josefa Gabriela Martins,12345678910
2016-05-05 19:01:34,19,3,R$20000,Francisca Josefa Gabriela Martins,12345678910
2016-05-05 19:04:03,83,1,R$30000,Francisca Josefa Gabriela Martins,12345678910
2016-05-05 19:04:12,61,5,R$80000,Francisca Josefa Gabriela Martins,12345678910
2016-05-05 19:04:47,19,3,R$12000,Francisca Josefa Gabriela Martins,12345678910
2016-05-05 19:06:26,83,1,R$12000,Francisca Josefa Gabriela Martins,12345678910
2016-05-05 19:07:33,19,3,R$30000,Francisca Josefa Gabriela Martins,12345678910
2016-05-05 19:09:10,28,1,R$30000,Francisca Josefa Gabriela Martins,12345678910
2016-05-05 19:09:13,83,1,R$20000,Francisca Josefa Gabriela Martins,12345678910
2016-05-05 19:10:22,,1,R$80000,Francisca Josefa Gabriela Martins,12345678910
2016-05-05 19:12:08,83,1,R$54000,Francisca Josefa Gabriela Martins,12345678910
2016-05-05 19:16:20,61,5,R$20000,Francisca Josefa Gabriela Martins,12345678910
2016-05-05 19:16:58,,1,R$90000,Francisca Josefa Gabriela Martins,12345678910
2016-05-05 19:17:20,61,5,R$10000,Francisca Josefa Gabriela Martins,12345678910
2016-05-05 19:18:15,61,5,R$70000,Francisca Josefa Gabriela Martins,12345678910
2016-05-05 19:18:53,54,4,R$78000,Francisca Josefa Gabriela Martins,12345678910
2016-05-05 19:19:21,19,3,R$90000,Francisca Josefa Gabriela Martins,12345678910
2016-05-05 19:22:39,83,1,R$40000,Francisca Josefa Gabriela Martins,12345678910
2016-05-05 19:22:53,61,5,R$40000,Francisca Josefa Gabriela Martins,12345678910
2016-05-05 19:26:46,19,3,R$80000,Francisca Josefa Gabriela Martins,12345678910
2016-05-05 19:27:32,45,1,R$34895,Francisca Josefa Gabriela Martins,12345678910
2016-05-05 19:28:47,,1,R$40000,Francisca Josefa Gabriela Martins,12345678910
2016-05-05 19:31:49,83,1,R$30000,Francisca Josefa Gabriela Martins,12345678910
2016-05-05 19:35:01,61,5,R$24000,Francisca Josefa Gabriela Martins,12345678910
2016-05-05 19:37:29,45,1,R$80000,Francisca Josefa Gabriela Martins,12345678910
2016-05-05 19:40:33,19,3,R$60000,Francisca Josefa Gabriela Martins,12345678910
2016-05-05 19:44:42,45,1,R$90000,Elisa Maya Catarina Peixoto,12345678910
2016-05-05 19:53:28,08,2,R$39000,Elisa Maya Catarina Peixoto,12345678910
2016-05-05 19:57:38,45,1,R$40000,Elisa Maya Catarina Peixoto,12345678910
2016-05-05 20:02:03,61,5,R$24000,Elisa Maya Catarina Peixoto,12345678910
2016-05-05 20:08:51,08,2,R$80000,Elisa Maya Catarina Peixoto,12345678910
2016-05-05 20:14:07,61,5,R$40000,Elisa Maya Catarina Peixoto,12345678910
2016-05-05 20:18:00,61,5,R$34000,Elisa Maya Catarina Peixoto,12345678910
2016-05-05 20:22:26,08,2,R$60000,Elisa Maya Catarina Peixoto,12345678910
2016-05-05 20:25:57,61,5,R$49000,Elisa Maya Catarina Peixoto,12345678910
2016-05-05 20:41:32,79,4,R$60000,Elisa Maya Catarina Peixoto,12345678910
2016-05-05 20:51:59,61,5,R$49000,Elisa Maya Catarina Peixoto,12345678910
2016-05-05 20:55:38,79,4,R$80000,Elisa Maya Catarina Peixoto,12345678910
2016-05-05 20:59:50,61,5,R$34000,Elisa Maya Catarina Peixoto,12345678910
2016-05-05 21:03:16,79,4,R$90000,Elisa Maya Catarina Peixoto,12345678910
2016-05-05 21:05:42,61,5,R$19876,Elisa Maya Catarina Peixoto,12345678910
2016-05-05 21:05:43,86,2,R$60000,Elisa Maya Catarina Peixoto,12345678910
2016-05-05 21:07:09,61,5,R$23876,Elisa Maya Catarina Peixoto,12345678910
2016-05-05 21:15:25,79,4,R$30000,Elisa Maya Catarina Peixoto,12345678910
2016-05-05 21:18:14,79,4,R$12000,Elisa Maya Catarina Peixoto,12345678910
2016-05-05 21:20:01,86,2,R$80000,Elisa Maya Catarina Peixoto,12345678910
2016-05-05 21:21:32,79,4,R$20000,Elisa Maya Catarina Peixoto,12345678910
2016-05-05 21:25:00,79,4,R$54000,Elisa Maya Catarina Peixoto,12345678910
2016-05-05 21:27:46,86,2,R$90000,Elisa Maya Catarina Peixoto,12345678910
2016-05-05 21:40:05,86,2,R$30000,Elisa Maya Catarina Peixoto,12345678910
2016-05-05 21:42:58,86,2,R$12000,Elisa Maya Catarina Peixoto,12345678910
2016-05-05 21:46:20,86,2,R$20000,Elisa Maya Catarina Peixoto,12345678910
2016-05-05 21:46:41,79,4,R$78000,Elisa Maya Catarina Peixoto,12345678910
2016-05-05 21:47:41,03,1,R$40000,Elisa Maya Catarina Peixoto,12345678910
2016-05-05 21:49:07,03,1,R$30000,Elisa Maya Catarina Peixoto,12345678910
2016-05-05 21:49:09,60,1,R$430000,Elisa Maya Catarina Peixoto,12345678910
2016-05-05 21:49:51,86,2,R$54000,Elisa Maya Catarina Peixoto,12345678910
